story_id,source_order,title_en,title_zh,word_count,story_type,theme_category,one_sentence_summary,possible_foreshadowing
chekhov_the_horse_stealers_01,1,THE HORSE-STEALERS,盗马贼,6642,医病与死亡,自然/风景、疾病/医学、饮酒,《盗马贼》写疾病、衰老、死亡或精神压力引出的遭遇，以自然/风景和疾病/医学为主要线索，呈现契诃夫式的医病和死亡。,狗、马、雪等开篇意象（候选）
chekhov_ward_no_6_01,2,WARD NO. 6,第六病室,21449,医病与死亡,疾病/医学、贫困/阶级、宗教/信仰,《第六病室》写疾病、衰老、死亡或精神压力引出的遭遇，以疾病/医学和贫困/阶级为主要线索，呈现契诃夫式的医病和死亡。,窗户等开篇意象（候选）
chekhov_the_petchenyeg_01,3,THE PETCHENYEG,佩切涅格人,4216,乡村与自然,自然/风景、家庭、贫困/阶级,《佩切涅格人》写乡村空间、自然景物和底层生活交织的经验，以自然/风景和家庭为主要线索，呈现契诃夫式的乡村和自然。,金钱、窗户、枪等开篇意象（候选）
chekhov_a_dead_body_01,4,A DEAD BODY,一具尸体,1781,医病与死亡,死亡、宗教/信仰、贫困/阶级,《一具尸体》写疾病、衰老、死亡或精神压力引出的遭遇，以死亡和宗教/信仰为主要线索，呈现契诃夫式的医病和死亡。,花园、道路、灯火等开篇意象（候选）
chekhov_a_happy_ending_01,5,A HAPPY ENDING,幸福的结局,1566,家庭与婚恋,家庭、饮酒、贫困/阶级,《幸福的结局》写婚恋、亲属关系或家庭身份中的错位，以家庭和饮酒为主要线索，呈现契诃夫式的家庭和婚恋。,金钱、坟墓、黑暗等开篇意象（候选）
chekhov_the_looking_glass_01,6,THE LOOKING-GLASS,镜子,1524,医病与死亡,疾病/医学、家庭、死亡,《镜子》写疾病、衰老、死亡或精神压力引出的遭遇，以疾病/医学和家庭为主要线索，呈现契诃夫式的医病和死亡。,狗、医生、花园等开篇意象（候选）
chekhov_old_age_01,7,OLD AGE,老年,2050,医病与死亡,家庭、贫困/阶级、死亡,《老年》写疾病、衰老、死亡或精神压力引出的遭遇，以家庭和贫困/阶级为主要线索，呈现契诃夫式的医病和死亡。,狗、教堂等开篇意象（候选）
chekhov_darkness_01,8,DARKNESS,黑暗,1577,医病与死亡,疾病/医学、官僚/社会、家庭,《黑暗》写疾病、衰老、死亡或精神压力引出的遭遇，以疾病/医学和官僚/社会为主要线索，呈现契诃夫式的医病和死亡。,医生、法庭、道路等开篇意象（候选）
chekhov_the_beggar_01,9,THE BEGGAR,乞丐,2021,宗教与哲思,贫困/阶级、宗教/信仰、官僚/社会,《乞丐》写信仰、良知和人生意义上的困惑，以贫困/阶级和宗教/信仰为主要线索，呈现契诃夫式的宗教和哲思。,黑暗等开篇意象（候选）
chekhov_a_story_without_a_title_01,10,A STORY WITHOUT A TITLE,无题的故事,1664,艺术与自我意识,饮酒、宗教/信仰、爱情/浪漫,《无题的故事》写表演、写作、审美或自我想象中的落差，以饮酒和宗教/信仰为主要线索，呈现契诃夫式的艺术和自我意识。,坟墓等开篇意象（候选）
chekhov_in_trouble_01,11,IN TROUBLE,困境,2496,家庭与婚恋,官僚/社会、家庭、贫困/阶级,《困境》写婚恋、亲属关系或家庭身份中的错位，以官僚/社会和家庭为主要线索，呈现契诃夫式的家庭和婚恋。,教堂等开篇意象（候选）
chekhov_frost_01,12,FROST,严寒,2557,乡村与自然,饮酒、宗教/信仰、家庭,《严寒》写乡村空间、自然景物和底层生活交织的经验，以饮酒和宗教/信仰为主要线索，呈现契诃夫式的乡村和自然。,狗、风、法庭等开篇意象（候选）
chekhov_a_slander_01,13,A SLANDER,诽谤,1428,艺术与自我意识,宗教/信仰、艺术/创作、爱情/浪漫,《诽谤》写表演、写作、审美或自我想象中的落差，以宗教/信仰和艺术/创作为主要线索，呈现契诃夫式的艺术和自我意识。,狗、灯火等开篇意象（候选）
chekhov_minds_in_ferment_01,14,MINDS IN FERMENT,骚动的心,1343,乡村与自然,家庭、自然/风景、贫困/阶级,《骚动的心》写乡村空间、自然景物和底层生活交织的经验，以家庭和自然/风景为主要线索，呈现契诃夫式的乡村和自然。,花园等开篇意象（候选）
chekhov_gone_astray_01,15,GONE ASTRAY,迷路,1501,家庭与婚恋,家庭、饮酒、自然/风景,《迷路》写婚恋、亲属关系或家庭身份中的错位，以家庭和饮酒为主要线索，呈现契诃夫式的家庭和婚恋。,窗户、火柴、灯火等开篇意象（候选）
chekhov_an_avenger_01,16,AN AVENGER,复仇者,1769,犯罪与悬疑,死亡、家庭、爱情/浪漫,《复仇者》写罪案、秘密、恐惧或道德试探推动的事件，以死亡和家庭为主要线索，呈现契诃夫式的犯罪和悬疑。,棺材等开篇意象（候选）
chekhov_the_jeune_premier_01,17,THE JEUNE PREMIER,男主角,1760,艺术与自我意识,艺术/创作、爱情/浪漫、贫困/阶级,《男主角》写表演、写作、审美或自我想象中的落差，以艺术/创作和爱情/浪漫为主要线索，呈现契诃夫式的艺术和自我意识。,信件、金钱等开篇意象（候选）
chekhov_a_defenceless_creature_01,18,A DEFENCELESS CREATURE,无助的弱者,1755,家庭与婚恋,家庭、贫困/阶级、疾病/医学,《无助的弱者》写婚恋、亲属关系或家庭身份中的错位，以家庭和贫困/阶级为主要线索，呈现契诃夫式的家庭和婚恋。,教堂等开篇意象（候选）
chekhov_an_enigmatic_nature_01,19,AN ENIGMATIC NATURE,谜样的性格,804,家庭与婚恋,宗教/信仰、爱情/浪漫、官僚/社会,《谜样的性格》写婚恋、亲属关系或家庭身份中的错位，以宗教/信仰和爱情/浪漫为主要线索，呈现契诃夫式的家庭和婚恋。,窗户等开篇意象（候选）
chekhov_a_happy_man_01,20,A HAPPY MAN,幸福的人,1778,家庭与婚恋,家庭、饮酒、爱情/浪漫,《幸福的人》写婚恋、亲属关系或家庭身份中的错位，以家庭和饮酒为主要线索，呈现契诃夫式的家庭和婚恋。,窗户、黑暗等开篇意象（候选）
chekhov_a_troublesome_visitor_01,21,A TROUBLESOME VISITOR,麻烦的来客,2373,乡村与自然,贫困/阶级、宗教/信仰、自然/风景,《麻烦的来客》写乡村空间、自然景物和底层生活交织的经验，以贫困/阶级和宗教/信仰为主要线索，呈现契诃夫式的乡村和自然。,金钱、狗、风等开篇意象（候选）
chekhov_an_actor_s_end_01,22,AN ACTOR'S END,演员的结局,2352,艺术与自我意识,饮酒、疾病/医学、艺术/创作,《演员的结局》写表演、写作、审美或自我想象中的落差，以饮酒和疾病/医学为主要线索，呈现契诃夫式的艺术和自我意识。,金钱、窗户、黑暗等开篇意象（候选）
chekhov_the_schoolmaster_01,23,THE SCHOOLMASTER,教师,2750,家庭与婚恋,家庭、爱情/浪漫、饮酒,《教师》写婚恋、亲属关系或家庭身份中的错位，以家庭和爱情/浪漫为主要线索，呈现契诃夫式的家庭和婚恋。,狗、灯火等开篇意象（候选）
chekhov_enemies_01,24,ENEMIES,仇敌,5301,医病与死亡,疾病/医学、家庭、死亡,《仇敌》写疾病、衰老、死亡或精神压力引出的遭遇，以疾病/医学和家庭为主要线索，呈现契诃夫式的医病和死亡。,狗、医生、灯火等开篇意象（候选）
chekhov_the_examining_magistrate_01,25,THE EXAMINING MAGISTRATE,预审法官,1892,医病与死亡,死亡、疾病/医学、家庭,《预审法官》写疾病、衰老、死亡或精神压力引出的遭遇，以死亡和疾病/医学为主要线索，呈现契诃夫式的医病和死亡。,马、医生、道路等开篇意象（候选）
chekhov_betrothed_01,26,BETROTHED,未婚妻,7506,家庭与婚恋,家庭、自然/风景、宗教/信仰,《未婚妻》写婚恋、亲属关系或家庭身份中的错位，以家庭和自然/风景为主要线索，呈现契诃夫式的家庭和婚恋。,窗户、花园、灯火等开篇意象（候选）
chekhov_from_the_diary_of_a_violent_tempered_man_01,27,FROM THE DIARY OF A VIOLENT-TEMPERED MAN,暴躁人的日记,3794,家庭与婚恋,爱情/浪漫、自然/风景、宗教/信仰,《暴躁人的日记》写婚恋、亲属关系或家庭身份中的错位，以爱情/浪漫和自然/风景为主要线索，呈现契诃夫式的家庭和婚恋。,信件、狗等开篇意象（候选）
chekhov_in_the_dark_01,28,IN THE DARK,在黑暗中,1638,医病与死亡,家庭、死亡、自然/风景,《在黑暗中》写疾病、衰老、死亡或精神压力引出的遭遇，以家庭和死亡为主要线索，呈现契诃夫式的医病和死亡。,马、窗户、花园等开篇意象（候选）
chekhov_a_play_01,29,A PLAY,一出戏,1840,艺术与自我意识,爱情/浪漫、家庭、疾病/医学,《一出戏》写表演、写作、审美或自我想象中的落差，以爱情/浪漫和家庭为主要线索，呈现契诃夫式的艺术和自我意识。,灯火等开篇意象（候选）
chekhov_a_mystery_01,30,A MYSTERY,神秘,1549,犯罪与悬疑,官僚/社会、家庭、宗教/信仰,《神秘》写罪案、秘密、恐惧或道德试探推动的事件，以官僚/社会和家庭为主要线索，呈现契诃夫式的犯罪和悬疑。,官僚/社会相关反复细节（候选）
chekhov_strong_impressions_01,31,STRONG IMPRESSIONS,强烈的印象,1971,艺术与自我意识,家庭、爱情/浪漫、官僚/社会,《强烈的印象》写表演、写作、审美或自我想象中的落差，以家庭和爱情/浪漫为主要线索，呈现契诃夫式的艺术和自我意识。,风、法庭、灯火等开篇意象（候选）
chekhov_drunk_01,32,DRUNK,醉,2189,儿童与动物,饮酒、贫困/阶级、家庭,《醉》写童年视角、动物遭遇或弱小者经验，以饮酒和贫困/阶级为主要线索，呈现契诃夫式的儿童和动物。,金钱、坟墓、黑暗等开篇意象（候选）
chekhov_the_marshal_s_widow_01,33,THE MARSHAL'S WIDOW,贵族长的遗孀,1510,艺术与自我意识,家庭、饮酒、官僚/社会,《贵族长的遗孀》写表演、写作、审美或自我想象中的落差，以家庭和饮酒为主要线索，呈现契诃夫式的艺术和自我意识。,医生等开篇意象（候选）
chekhov_a_bad_business_01,34,A BAD BUSINESS,一件糟糕的事,1914,艺术与自我意识,宗教/信仰、自然/风景、死亡,《一件糟糕的事》写表演、写作、审美或自我想象中的落差，以宗教/信仰和自然/风景为主要线索，呈现契诃夫式的艺术和自我意识。,风、道路、火柴等开篇意象（候选）
chekhov_in_the_court_01,35,IN THE COURT,在法庭上,2627,官僚与社会讽刺,官僚/社会、疾病/医学、死亡,《在法庭上》写制度、身份和日常权力造成的荒诞处境，以官僚/社会和疾病/医学为主要线索，呈现契诃夫式的官僚和社会讽刺。,法庭、教堂、枪等开篇意象（候选）
chekhov_boots_01,36,BOOTS,靴子,1527,家庭与婚恋,艺术/创作、家庭、宗教/信仰,《靴子》写婚恋、亲属关系或家庭身份中的错位，以艺术/创作和家庭为主要线索，呈现契诃夫式的家庭和婚恋。,风等开篇意象（候选）
chekhov_joy_01,37,JOY,喜悦,666,儿童与动物,官僚/社会、家庭、宗教/信仰,《喜悦》写童年视角、动物遭遇或弱小者经验，以官僚/社会和家庭为主要线索，呈现契诃夫式的儿童和动物。,马、医生等开篇意象（候选）
chekhov_ladies_01,38,LADIES,太太们,1349,家庭与婚恋,官僚/社会、家庭、宗教/信仰,《太太们》写婚恋、亲属关系或家庭身份中的错位，以官僚/社会和家庭为主要线索，呈现契诃夫式的家庭和婚恋。,官僚/社会相关反复细节（候选）
chekhov_a_peculiar_man_01,39,A PECULIAR MAN,怪人,1607,家庭与婚恋,家庭、宗教/信仰、贫困/阶级,《怪人》写婚恋、亲属关系或家庭身份中的错位，以家庭和宗教/信仰为主要线索，呈现契诃夫式的家庭和婚恋。,雪、灯火等开篇意象（候选）
chekhov_at_the_barber_s_01,40,AT THE BARBER'S,在理发店,1224,家庭与婚恋,贫困/阶级、爱情/浪漫、疾病/医学,《在理发店》写婚恋、亲属关系或家庭身份中的错位，以贫困/阶级和爱情/浪漫为主要线索，呈现契诃夫式的家庭和婚恋。,金钱、医生、火柴等开篇意象（候选）
chekhov_an_inadvertence_01,41,AN INADVERTENCE,疏忽,1503,医病与死亡,饮酒、死亡、疾病/医学,《疏忽》写疾病、衰老、死亡或精神压力引出的遭遇，以饮酒和死亡为主要线索，呈现契诃夫式的医病和死亡。,金钱、黑暗等开篇意象（候选）
chekhov_the_album_01,42,THE ALBUM,纪念册,763,官僚与社会讽刺,家庭、爱情/浪漫、贫困/阶级,《纪念册》写制度、身份和日常权力造成的荒诞处境，以家庭和爱情/浪漫为主要线索，呈现契诃夫式的官僚和社会讽刺。,信件等开篇意象（候选）
chekhov_oh_the_public_01,43,OH! THE PUBLIC,哦！公众,1225,官僚与社会讽刺,饮酒、宗教/信仰、爱情/浪漫,《哦！公众》写制度、身份和日常权力造成的荒诞处境，以饮酒和宗教/信仰为主要线索，呈现契诃夫式的官僚和社会讽刺。,票券等开篇意象（候选）
chekhov_a_tripping_tongue_01,44,A TRIPPING TONGUE,祸从口出,1261,家庭与婚恋,家庭、宗教/信仰、爱情/浪漫,《祸从口出》写婚恋、亲属关系或家庭身份中的错位，以家庭和宗教/信仰为主要线索，呈现契诃夫式的家庭和婚恋。,马、教堂等开篇意象（候选）
chekhov_overdoing_it_01,45,OVERDOING IT,过分,1633,乡村与自然,自然/风景、宗教/信仰、官僚/社会,《过分》写乡村空间、自然景物和底层生活交织的经验，以自然/风景和宗教/信仰为主要线索，呈现契诃夫式的乡村和自然。,狗、马、法庭等开篇意象（候选）
chekhov_the_orator_01,46,THE ORATOR,演说家,1252,官僚与社会讽刺,死亡、官僚/社会、家庭,《演说家》写制度、身份和日常权力造成的荒诞处境，以死亡和官僚/社会为主要线索，呈现契诃夫式的官僚和社会讽刺。,坟墓、棺材、教堂等开篇意象（候选）
chekhov_malingerers_01,47,MALINGERERS,装病者,1379,医病与死亡,家庭、疾病/医学、贫困/阶级,《装病者》写疾病、衰老、死亡或精神压力引出的遭遇，以家庭和疾病/医学为主要线索，呈现契诃夫式的医病和死亡。,金钱、坟墓、医生等开篇意象（候选）
chekhov_in_the_graveyard_01,48,IN THE GRAVEYARD,在墓园,883,艺术与自我意识,死亡、艺术/创作、官僚/社会,《在墓园》写表演、写作、审美或自我想象中的落差，以死亡和艺术/创作为主要线索，呈现契诃夫式的艺术和自我意识。,金钱、雨、风等开篇意象（候选）
chekhov_hush_01,49,HUSH!,嘘！,1104,家庭与婚恋,家庭、艺术/创作、宗教/信仰,《嘘！》写婚恋、亲属关系或家庭身份中的错位，以家庭和艺术/创作为主要线索，呈现契诃夫式的家庭和婚恋。,坟墓、灯火等开篇意象（候选）
chekhov_in_an_hotel_01,50,IN AN HOTEL,在旅馆里,1006,家庭与婚恋,家庭、贫困/阶级、宗教/信仰,《在旅馆里》写婚恋、亲属关系或家庭身份中的错位，以家庭和贫困/阶级为主要线索，呈现契诃夫式的家庭和婚恋。,金钱、窗户、法庭等开篇意象（候选）
chekhov_in_a_strange_land_01,51,IN A STRANGE LAND,在异乡,1475,儿童与动物,家庭、饮酒、宗教/信仰,《在异乡》写童年视角、动物遭遇或弱小者经验，以家庭和饮酒为主要线索，呈现契诃夫式的儿童和动物。,火柴等开篇意象（候选）
chekhov_the_party_01,52,THE PARTY,宴会,12558,艺术与自我意识,家庭、自然/风景、疾病/医学,《宴会》写表演、写作、审美或自我想象中的落差，以家庭和自然/风景为主要线索，呈现契诃夫式的艺术和自我意识。,雨、花园等开篇意象（候选）
chekhov_terror_01,53,TERROR,恐惧,4981,家庭与婚恋,爱情/浪漫、家庭、自然/风景,《恐惧》写婚恋、亲属关系或家庭身份中的错位，以爱情/浪漫和家庭为主要线索，呈现契诃夫式的家庭和婚恋。,教堂、花园等开篇意象（候选）
chekhov_a_woman_s_kingdom_01,54,A WOMAN'S KINGDOM,女人的王国,16008,家庭与婚恋,爱情/浪漫、家庭、贫困/阶级,《女人的王国》写婚恋、亲属关系或家庭身份中的错位，以爱情/浪漫和家庭为主要线索，呈现契诃夫式的家庭和婚恋。,信件、金钱等开篇意象（候选）
chekhov_a_problem_01,55,A PROBLEM,难题,2635,官僚与社会讽刺,家庭、贫困/阶级、宗教/信仰,《难题》写制度、身份和日常权力造成的荒诞处境，以家庭和贫困/阶级为主要线索，呈现契诃夫式的官僚和社会讽刺。,金钱等开篇意象（候选）
chekhov_the_kiss_01,56,THE KISS,吻,7450,家庭与婚恋,自然/风景、家庭、爱情/浪漫,《吻》写婚恋、亲属关系或家庭身份中的错位，以自然/风景和家庭为主要线索，呈现契诃夫式的家庭和婚恋。,马、教堂、花园等开篇意象（候选）
chekhov_anna_on_the_neck_01,57,'ANNA ON THE NECK',脖子上的安娜,5207,家庭与婚恋,家庭、贫困/阶级、饮酒,《脖子上的安娜》写婚恋、亲属关系或家庭身份中的错位，以家庭和贫困/阶级为主要线索，呈现契诃夫式的家庭和婚恋。,金钱、窗户、教堂等开篇意象（候选）
chekhov_the_teacher_of_literature_01,58,THE TEACHER OF LITERATURE,文学教师,8995,艺术与自我意识,爱情/浪漫、自然/风景、家庭,《文学教师》写表演、写作、审美或自我想象中的落差，以爱情/浪漫和自然/风景为主要线索，呈现契诃夫式的艺术和自我意识。,马、医生、花园等开篇意象（候选）
chekhov_not_wanted_01,59,NOT WANTED,多余的人,2319,家庭与婚恋,家庭、饮酒、宗教/信仰,《多余的人》写婚恋、亲属关系或家庭身份中的错位，以家庭和饮酒为主要线索，呈现契诃夫式的家庭和婚恋。,金钱、票券、窗户等开篇意象（候选）
chekhov_typhus_01,60,TYPHUS,伤寒,2503,医病与死亡,疾病/医学、家庭、饮酒,《伤寒》写疾病、衰老、死亡或精神压力引出的遭遇，以疾病/医学和家庭为主要线索，呈现契诃夫式的医病和死亡。,疾病/医学相关反复细节（候选）
chekhov_a_misfortune_01,61,A MISFORTUNE,不幸,4989,家庭与婚恋,家庭、爱情/浪漫、宗教/信仰,《不幸》写婚恋、亲属关系或家庭身份中的错位，以家庭和爱情/浪漫为主要线索，呈现契诃夫式的家庭和婚恋。,教堂、枪等开篇意象（候选）
chekhov_a_trifle_from_life_01,62,A TRIFLE FROM LIFE,生活琐事,1917,家庭与婚恋,家庭、爱情/浪漫、宗教/信仰,《生活琐事》写婚恋、亲属关系或家庭身份中的错位，以家庭和爱情/浪漫为主要线索，呈现契诃夫式的家庭和婚恋。,家庭相关反复细节（候选）
chekhov_the_cook_s_wedding_01,63,THE COOK'S WEDDING,厨娘的婚礼,1909,家庭与婚恋,饮酒、爱情/浪漫、贫困/阶级,《厨娘的婚礼》写婚恋、亲属关系或家庭身份中的错位，以饮酒和爱情/浪漫为主要线索，呈现契诃夫式的家庭和婚恋。,马、坟墓等开篇意象（候选）
chekhov_sleepy_01,64,SLEEPY,渴睡,2280,医病与死亡,疾病/医学、家庭、死亡,《渴睡》写疾病、衰老、死亡或精神压力引出的遭遇，以疾病/医学和家庭为主要线索，呈现契诃夫式的医病和死亡。,马、风、医生等开篇意象（候选）
chekhov_children_01,65,CHILDREN,孩子们,1926,儿童与动物,贫困/阶级、家庭、宗教/信仰,《孩子们》写童年视角、动物遭遇或弱小者经验，以贫困/阶级和家庭为主要线索，呈现契诃夫式的儿童和动物。,金钱、马等开篇意象（候选）
chekhov_the_runaway_01,66,THE RUNAWAY,逃犯,2913,医病与死亡,疾病/医学、家庭、自然/风景,《逃犯》写疾病、衰老、死亡或精神压力引出的遭遇，以疾病/医学和家庭为主要线索，呈现契诃夫式的医病和死亡。,雨、风、窗户等开篇意象（候选）
chekhov_grisha_01,67,GRISHA,格里沙,1197,儿童与动物,自然/风景、饮酒、宗教/信仰,《格里沙》写童年视角、动物遭遇或弱小者经验，以自然/风景和饮酒为主要线索，呈现契诃夫式的儿童和动物。,雪、黑暗等开篇意象（候选）
chekhov_oysters_01,68,OYSTERS,牡蛎,1484,儿童与动物,家庭、疾病/医学、宗教/信仰,《牡蛎》写童年视角、动物遭遇或弱小者经验，以家庭和疾病/医学为主要线索，呈现契诃夫式的儿童和动物。,窗户、黑暗等开篇意象（候选）
chekhov_home_01,69,HOME,家里,3589,儿童与动物,家庭、艺术/创作、自然/风景,《家里》写童年视角、动物遭遇或弱小者经验，以家庭和艺术/创作为主要线索，呈现契诃夫式的儿童和动物。,坟墓、法庭、灯火等开篇意象（候选）
chekhov_a_classical_student_01,70,A CLASSICAL STUDENT,古典中学生,1084,家庭与婚恋,家庭、宗教/信仰、爱情/浪漫,《古典中学生》写婚恋、亲属关系或家庭身份中的错位，以家庭和宗教/信仰为主要线索，呈现契诃夫式的家庭和婚恋。,黑暗等开篇意象（候选）
chekhov_vanka_02,72,VANKA,万卡,1617,儿童与动物,家庭、死亡、自然/风景,《万卡》写童年视角、动物遭遇或弱小者经验，以家庭和死亡为主要线索，呈现契诃夫式的儿童和动物。,信件、雪、教堂等开篇意象（候选）
chekhov_an_incident_01,73,AN INCIDENT,事件,1922,儿童与动物,家庭、死亡、疾病/医学,《事件》写童年视角、动物遭遇或弱小者经验，以家庭和死亡为主要线索，呈现契诃夫式的儿童和动物。,家庭相关反复细节（候选）
chekhov_a_day_in_the_country_01,74,A DAY IN THE COUNTRY,乡间一日,2331,乡村与自然,自然/风景、宗教/信仰、家庭,《乡间一日》写乡村空间、自然景物和底层生活交织的经验，以自然/风景和宗教/信仰为主要线索，呈现契诃夫式的乡村和自然。,雨、风、道路等开篇意象（候选）
chekhov_boys_01,75,BOYS,男孩们,2363,儿童与动物,家庭、自然/风景、爱情/浪漫,《男孩们》写童年视角、动物遭遇或弱小者经验，以家庭和自然/风景为主要线索，呈现契诃夫式的儿童和动物。,狗、雪、黑暗等开篇意象（候选）
chekhov_shrove_tuesday_01,76,SHROVE TUESDAY,谢肉节,1842,家庭与婚恋,家庭、艺术/创作、爱情/浪漫,《谢肉节》写婚恋、亲属关系或家庭身份中的错位，以家庭和艺术/创作为主要线索，呈现契诃夫式的家庭和婚恋。,窗户等开篇意象（候选）
chekhov_the_old_house_01,77,THE OLD HOUSE,老房子,2404,家庭与婚恋,家庭、饮酒、死亡,《老房子》写婚恋、亲属关系或家庭身份中的错位，以家庭和饮酒为主要线索，呈现契诃夫式的家庭和婚恋。,坟墓、棺材、黑暗等开篇意象（候选）
chekhov_in_passion_week_01,78,IN PASSION WEEK,受难周,1934,宗教与哲思,宗教/信仰、家庭、爱情/浪漫,《受难周》写信仰、良知和人生意义上的困惑，以宗教/信仰和家庭为主要线索，呈现契诃夫式的宗教和哲思。,马、教堂等开篇意象（候选）
chekhov_whitebrow_01,79,WHITEBROW,白额头,2225,儿童与动物,自然/风景、家庭、死亡,《白额头》写童年视角、动物遭遇或弱小者经验，以自然/风景和家庭为主要线索，呈现契诃夫式的儿童和动物。,狗、雪、风等开篇意象（候选）
chekhov_kashtanka_01,80,KASHTANKA,卡什坦卡,7671,儿童与动物,饮酒、贫困/阶级、宗教/信仰,《卡什坦卡》写童年视角、动物遭遇或弱小者经验，以饮酒和贫困/阶级为主要线索，呈现契诃夫式的儿童和动物。,狗、道路、黑暗等开篇意象（候选）
chekhov_a_chameleon_01,81,A CHAMELEON,变色龙,1253,医病与死亡,官僚/社会、自然/风景、宗教/信仰,《变色龙》写疾病、衰老、死亡或精神压力引出的遭遇，以官僚/社会和自然/风景为主要线索，呈现契诃夫式的医病和死亡。,狗、雨、法庭等开篇意象（候选）
chekhov_the_dependents_01,82,THE DEPENDENTS,寄居者,2385,医病与死亡,死亡、饮酒、贫困/阶级,《寄居者》写疾病、衰老、死亡或精神压力引出的遭遇，以死亡和饮酒为主要线索，呈现契诃夫式的医病和死亡。,狗、马、风等开篇意象（候选）
chekhov_who_was_to_blame_01,83,WHO WAS TO BLAME?,谁的错？,1352,犯罪与悬疑,宗教/信仰、家庭、官僚/社会,《谁的错？》写罪案、秘密、恐惧或道德试探推动的事件，以宗教/信仰和家庭为主要线索，呈现契诃夫式的犯罪和悬疑。,火柴等开篇意象（候选）
chekhov_the_bird_market_01,84,THE BIRD MARKET,鸟市,1551,儿童与动物,自然/风景、宗教/信仰、贫困/阶级,《鸟市》写童年视角、动物遭遇或弱小者经验，以自然/风景和宗教/信仰为主要线索，呈现契诃夫式的儿童和动物。,金钱、坟墓、火柴等开篇意象（候选）
chekhov_an_adventure_01,85,AN ADVENTURE,奇遇,2464,乡村与自然,家庭、贫困/阶级、饮酒,《奇遇》写乡村空间、自然景物和底层生活交织的经验，以家庭和贫困/阶级为主要线索，呈现契诃夫式的乡村和自然。,金钱、马、道路等开篇意象（候选）
chekhov_the_fish_01,86,THE FISH,鱼,1920,儿童与动物,自然/风景、贫困/阶级、家庭,《鱼》写童年视角、动物遭遇或弱小者经验，以自然/风景和贫困/阶级为主要线索，呈现契诃夫式的儿童和动物。,雪等开篇意象（候选）
chekhov_art_01,87,ART,艺术,2221,艺术与自我意识,自然/风景、宗教/信仰、饮酒,《艺术》写表演、写作、审美或自我想象中的落差，以自然/风景和宗教/信仰为主要线索，呈现契诃夫式的艺术和自我意识。,狗、马、雪等开篇意象（候选）
chekhov_the_swedish_match_01,88,THE SWEDISH MATCH,瑞典火柴,7473,犯罪与悬疑,官僚/社会、饮酒、家庭,《瑞典火柴》写罪案、秘密、恐惧或道德试探推动的事件，以官僚/社会和饮酒为主要线索，呈现契诃夫式的犯罪和悬疑。,窗户、花园等开篇意象（候选）
chekhov_the_bishop_01,89,THE BISHOP,主教,6318,宗教与哲思,家庭、宗教/信仰、疾病/医学,《主教》写信仰、良知和人生意义上的困惑，以家庭和宗教/信仰为主要线索，呈现契诃夫式的宗教和哲思。,教堂、花园、道路等开篇意象（候选）
chekhov_the_letter_01,90,THE LETTER,信,4521,艺术与自我意识,家庭、宗教/信仰、艺术/创作,《信》写表演、写作、审美或自我想象中的落差，以家庭和宗教/信仰为主要线索，呈现契诃夫式的艺术和自我意识。,金钱、窗户、坟墓等开篇意象（候选）
chekhov_easter_eve_01,91,EASTER EVE,复活节前夜,4260,宗教与哲思,宗教/信仰、自然/风景、家庭,《复活节前夜》写信仰、良知和人生意义上的困惑，以宗教/信仰和自然/风景为主要线索，呈现契诃夫式的宗教和哲思。,黑暗等开篇意象（候选）
chekhov_a_nightmare_01,92,A NIGHTMARE,噩梦,5280,宗教与哲思,家庭、宗教/信仰、贫困/阶级,《噩梦》写信仰、良知和人生意义上的困惑，以家庭和宗教/信仰为主要线索，呈现契诃夫式的宗教和哲思。,信件、金钱、教堂等开篇意象（候选）
chekhov_the_murder_01,93,THE MURDER,凶杀,12297,犯罪与悬疑,宗教/信仰、饮酒、贫困/阶级,《凶杀》写罪案、秘密、恐惧或道德试探推动的事件，以宗教/信仰和饮酒为主要线索，呈现契诃夫式的犯罪和悬疑。,风、教堂、黑暗等开篇意象（候选）
chekhov_uprooted_01,94,UPROOTED,流离失所,6196,儿童与动物,宗教/信仰、自然/风景、家庭,《流离失所》写童年视角、动物遭遇或弱小者经验，以宗教/信仰和自然/风景为主要线索，呈现契诃夫式的儿童和动物。,马、教堂、灯火等开篇意象（候选）
chekhov_the_steppe_01,95,THE STEPPE,草原,38074,乡村与自然,家庭、自然/风景、宗教/信仰,《草原》写乡村空间、自然景物和底层生活交织的经验，以家庭和自然/风景为主要线索，呈现契诃夫式的乡村和自然。,棺材、教堂等开篇意象（候选）
chekhov_the_duel_01,96,THE DUEL,决斗,39871,家庭与婚恋,家庭、宗教/信仰、爱情/浪漫,《决斗》写婚恋、亲属关系或家庭身份中的错位，以家庭和宗教/信仰为主要线索，呈现契诃夫式的家庭和婚恋。,金钱、医生等开篇意象（候选）
chekhov_excellent_people_01,97,EXCELLENT PEOPLE,好人,4008,医病与死亡,艺术/创作、疾病/医学、死亡,《好人》写疾病、衰老、死亡或精神压力引出的遭遇，以艺术/创作和疾病/医学为主要线索，呈现契诃夫式的医病和死亡。,坟墓、棺材、医生等开篇意象（候选）
chekhov_mire_01,98,MIRE,泥潭,6961,家庭与婚恋,贫困/阶级、家庭、爱情/浪漫,《泥潭》写婚恋、亲属关系或家庭身份中的错位，以贫困/阶级和家庭为主要线索，呈现契诃夫式的家庭和婚恋。,信件、马、灯火等开篇意象（候选）
chekhov_neighbours_01,99,NEIGHBOURS,邻居,7538,家庭与婚恋,家庭、自然/风景、爱情/浪漫,《邻居》写婚恋、亲属关系或家庭身份中的错位，以家庭和自然/风景为主要线索，呈现契诃夫式的家庭和婚恋。,信件、雨、花园等开篇意象（候选）
chekhov_at_home_01,100,AT HOME,在家,4875,乡村与自然,自然/风景、家庭、爱情/浪漫,《在家》写乡村空间、自然景物和底层生活交织的经验，以自然/风景和家庭为主要线索，呈现契诃夫式的乡村和自然。,道路等开篇意象（候选）
chekhov_expensive_lessons_01,101,EXPENSIVE LESSONS,昂贵的教训,2360,家庭与婚恋,贫困/阶级、艺术/创作、爱情/浪漫,《昂贵的教训》写婚恋、亲属关系或家庭身份中的错位，以贫困/阶级和艺术/创作为主要线索，呈现契诃夫式的家庭和婚恋。,信件、金钱等开篇意象（候选）
chekhov_the_princess_01,102,THE PRINCESS,公爵夫人,4753,家庭与婚恋,疾病/医学、家庭、宗教/信仰,《公爵夫人》写婚恋、亲属关系或家庭身份中的错位，以疾病/医学和家庭为主要线索，呈现契诃夫式的家庭和婚恋。,窗户、坟墓、教堂等开篇意象（候选）
chekhov_the_chemist_s_wife_01,103,THE CHEMIST'S WIFE,药剂师的妻子,1943,家庭与婚恋,家庭、疾病/医学、饮酒,《药剂师的妻子》写婚恋、亲属关系或家庭身份中的错位，以家庭和疾病/医学为主要线索，呈现契诃夫式的家庭和婚恋。,狗、窗户、坟墓等开篇意象（候选）
chekhov_the_schoolmistress_01,104,THE SCHOOLMISTRESS,女教师,3438,儿童与动物,家庭、自然/风景、饮酒,《女教师》写童年视角、动物遭遇或弱小者经验，以家庭和自然/风景为主要线索，呈现契诃夫式的儿童和动物。,马、雪、道路等开篇意象（候选）
chekhov_a_nervous_breakdown_01,105,A NERVOUS BREAKDOWN,精神崩溃,8706,医病与死亡,艺术/创作、疾病/医学、饮酒,《精神崩溃》写疾病、衰老、死亡或精神压力引出的遭遇，以艺术/创作和疾病/医学为主要线索，呈现契诃夫式的医病和死亡。,金钱、雪、灯火等开篇意象（候选）
chekhov_misery_01,106,MISERY,苦恼,2089,医病与死亡,死亡、家庭、疾病/医学,《苦恼》写疾病、衰老、死亡或精神压力引出的遭遇，以死亡和家庭为主要线索，呈现契诃夫式的医病和死亡。,金钱、狗、马等开篇意象（候选）
chekhov_champagne_01,107,CHAMPAGNE,香槟,2247,家庭与婚恋,饮酒、家庭、自然/风景,《香槟》写婚恋、亲属关系或家庭身份中的错位，以饮酒和家庭为主要线索，呈现契诃夫式的家庭和婚恋。,窗户、灯火等开篇意象（候选）
chekhov_after_the_theatre_01,108,AFTER THE THEATRE,看戏以后,1137,艺术与自我意识,爱情/浪漫、艺术/创作、宗教/信仰,《看戏以后》写表演、写作、审美或自我想象中的落差，以爱情/浪漫和艺术/创作为主要线索，呈现契诃夫式的艺术和自我意识。,信件、灯火等开篇意象（候选）
chekhov_a_lady_s_story_01,109,A LADY'S STORY,一位女士的故事,1730,家庭与婚恋,自然/风景、爱情/浪漫、宗教/信仰,《一位女士的故事》写婚恋、亲属关系或家庭身份中的错位，以自然/风景和爱情/浪漫为主要线索，呈现契诃夫式的家庭和婚恋。,狗、马、雨等开篇意象（候选）
chekhov_in_exile_01,110,IN EXILE,在流放中,3863,家庭与婚恋,家庭、自然/风景、宗教/信仰,《在流放中》写婚恋、亲属关系或家庭身份中的错位，以家庭和自然/风景为主要线索，呈现契诃夫式的家庭和婚恋。,金钱、雪、灯火等开篇意象（候选）
chekhov_the_cattle_dealers_01,111,THE CATTLE-DEALERS,牲畜贩子,7026,儿童与动物,饮酒、家庭、自然/风景,《牲畜贩子》写童年视角、动物遭遇或弱小者经验，以饮酒和家庭为主要线索，呈现契诃夫式的儿童和动物。,雪、灯火、黑暗等开篇意象（候选）
chekhov_sorrow_01,112,SORROW,悲伤,2242,医病与死亡,宗教/信仰、自然/风景、疾病/医学,《悲伤》写疾病、衰老、死亡或精神压力引出的遭遇，以宗教/信仰和自然/风景为主要线索，呈现契诃夫式的医病和死亡。,狗、马、雪等开篇意象（候选）
chekhov_on_official_duty_01,113,ON OFFICIAL DUTY,因公,6524,官僚与社会讽刺,官僚/社会、自然/风景、家庭,《因公》写制度、身份和日常权力造成的荒诞处境，以官僚/社会和自然/风景为主要线索，呈现契诃夫式的官僚和社会讽刺。,金钱、雪、医生等开篇意象（候选）
chekhov_the_first_class_passenger_01,114,THE FIRST-CLASS PASSENGER,头等车厢乘客,2779,艺术与自我意识,爱情/浪漫、艺术/创作、死亡,《头等车厢乘客》写表演、写作、审美或自我想象中的落差，以爱情/浪漫和艺术/创作为主要线索，呈现契诃夫式的艺术和自我意识。,狗、棺材等开篇意象（候选）
chekhov_a_tragic_actor_01,115,A TRAGIC ACTOR,悲剧演员,1291,艺术与自我意识,官僚/社会、家庭、艺术/创作,《悲剧演员》写表演、写作、审美或自我想象中的落差，以官僚/社会和家庭为主要线索，呈现契诃夫式的艺术和自我意识。,信件等开篇意象（候选）
chekhov_a_transgression_01,116,A TRANSGRESSION,过失,1750,家庭与婚恋,家庭、宗教/信仰、爱情/浪漫,《过失》写婚恋、亲属关系或家庭身份中的错位，以家庭和宗教/信仰为主要线索，呈现契诃夫式的家庭和婚恋。,窗户、火柴、灯火等开篇意象（候选）
chekhov_small_fry_01,117,SMALL FRY,小人物,1299,宗教与哲思,官僚/社会、宗教/信仰、饮酒,《小人物》写信仰、良知和人生意义上的困惑，以官僚/社会和宗教/信仰为主要线索，呈现契诃夫式的宗教和哲思。,信件、窗户、教堂等开篇意象（候选）
chekhov_the_requiem_01,118,THE REQUIEM,安魂祈祷,1981,宗教与哲思,家庭、宗教/信仰、艺术/创作,《安魂祈祷》写信仰、良知和人生意义上的困惑，以家庭和宗教/信仰为主要线索，呈现契诃夫式的宗教和哲思。,教堂等开篇意象（候选）
chekhov_in_the_coach_house_01,119,IN THE COACH-HOUSE,在马车房,2266,医病与死亡,家庭、宗教/信仰、死亡,《在马车房》写疾病、衰老、死亡或精神压力引出的遭遇，以家庭和宗教/信仰为主要线索，呈现契诃夫式的医病和死亡。,信件、灯火等开篇意象（候选）
chekhov_panic_fears_01,120,PANIC FEARS,恐慌,2246,乡村与自然,自然/风景、家庭、宗教/信仰,《恐慌》写乡村空间、自然景物和底层生活交织的经验，以自然/风景和家庭为主要线索，呈现契诃夫式的乡村和自然。,马、雨、窗户等开篇意象（候选）
chekhov_the_bet_01,121,THE BET,赌注,2827,犯罪与悬疑,死亡、自然/风景、饮酒,《赌注》写罪案、秘密、恐惧或道德试探推动的事件，以死亡和自然/风景为主要线索，呈现契诃夫式的犯罪和悬疑。,金钱、窗户、花园等开篇意象（候选）
chekhov_the_head_gardener_s_story_01,122,THE HEAD-GARDENER'S STORY,园丁长的故事,1909,艺术与自我意识,疾病/医学、死亡、宗教/信仰,《园丁长的故事》写表演、写作、审美或自我想象中的落差，以疾病/医学和死亡为主要线索，呈现契诃夫式的艺术和自我意识。,医生、教堂、花园等开篇意象（候选）
chekhov_the_beauties_01,123,THE BEAUTIES,美人,3326,乡村与自然,爱情/浪漫、自然/风景、家庭,《美人》写乡村空间、自然景物和底层生活交织的经验，以爱情/浪漫和自然/风景为主要线索，呈现契诃夫式的乡村和自然。,风、教堂、道路等开篇意象（候选）
chekhov_the_shoemaker_and_the_devil_01,124,THE SHOEMAKER AND THE DEVIL,鞋匠与魔鬼,2643,宗教与哲思,贫困/阶级、宗教/信仰、饮酒,《鞋匠与魔鬼》写信仰、良知和人生意义上的困惑，以贫困/阶级和宗教/信仰为主要线索，呈现契诃夫式的宗教和哲思。,金钱、雪、道路等开篇意象（候选）
chekhov_the_wife_01,125,THE WIFE,妻子,17791,乡村与自然,家庭、贫困/阶级、爱情/浪漫,《妻子》写乡村空间、自然景物和底层生活交织的经验，以家庭和贫困/阶级为主要线索，呈现契诃夫式的乡村和自然。,信件、金钱、雪等开篇意象（候选）
chekhov_difficult_people_01,126,DIFFICULT PEOPLE,难相处的人,3066,儿童与动物,家庭、贫困/阶级、自然/风景,《难相处的人》写童年视角、动物遭遇或弱小者经验，以家庭和贫困/阶级为主要线索，呈现契诃夫式的儿童和动物。,金钱、雨、窗户等开篇意象（候选）
chekhov_the_grasshopper_01,127,THE GRASSHOPPER,跳来跳去的女人,9747,艺术与自我意识,艺术/创作、爱情/浪漫、家庭,《跳来跳去的女人》写表演、写作、审美或自我想象中的落差，以艺术/创作和爱情/浪漫为主要线索，呈现契诃夫式的艺术和自我意识。,雪、医生、灯火等开篇意象（候选）
chekhov_a_dreary_story_01,128,A DREARY STORY,没意思的故事,23814,艺术与自我意识,家庭、艺术/创作、死亡,《没意思的故事》写表演、写作、审美或自我想象中的落差，以家庭和艺术/创作为主要线索，呈现契诃夫式的艺术和自我意识。,信件、灯火等开篇意象（候选）
chekhov_the_privy_councillor_01,129,THE PRIVY COUNCILLOR,枢密顾问官,6971,官僚与社会讽刺,家庭、自然/风景、宗教/信仰,《枢密顾问官》写制度、身份和日常权力造成的荒诞处境，以家庭和自然/风景为主要线索，呈现契诃夫式的官僚和社会讽刺。,信件、金钱、雪等开篇意象（候选）
chekhov_the_man_in_a_case_01,130,THE MAN IN A CASE,套中人,5287,家庭与婚恋,家庭、爱情/浪漫、死亡,《套中人》写婚恋、亲属关系或家庭身份中的错位，以家庭和爱情/浪漫为主要线索，呈现契诃夫式的家庭和婚恋。,教堂、黑暗等开篇意象（候选）
chekhov_gooseberries_01,131,GOOSEBERRIES,醋栗,4324,乡村与自然,自然/风景、贫困/阶级、官僚/社会,《醋栗》写乡村空间、自然景物和底层生活交织的经验，以自然/风景和贫困/阶级为主要线索，呈现契诃夫式的乡村和自然。,雨、花园、道路等开篇意象（候选）
chekhov_about_love_01,132,ABOUT LOVE,关于爱情,3854,家庭与婚恋,家庭、爱情/浪漫、艺术/创作,《关于爱情》写婚恋、亲属关系或家庭身份中的错位，以家庭和爱情/浪漫为主要线索，呈现契诃夫式的家庭和婚恋。,雨、窗户等开篇意象（候选）
chekhov_the_lottery_ticket_01,133,THE LOTTERY TICKET,彩票,1857,家庭与婚恋,家庭、自然/风景、贫困/阶级,《彩票》写婚恋、亲属关系或家庭身份中的错位，以家庭和自然/风景为主要线索，呈现契诃夫式的家庭和婚恋。,金钱、票券、花园等开篇意象（候选）
chekhov_the_witch_01,134,THE WITCH,女巫,4646,犯罪与悬疑,家庭、自然/风景、宗教/信仰,《女巫》写罪案、秘密、恐惧或道德试探推动的事件，以家庭和自然/风景为主要线索，呈现契诃夫式的犯罪和悬疑。,雪、风、窗户等开篇意象（候选）
chekhov_peasant_wives_01,135,PEASANT WIVES,农妇们,5720,乡村与自然,家庭、宗教/信仰、死亡,《农妇们》写乡村空间、自然景物和底层生活交织的经验，以家庭和宗教/信仰为主要线索，呈现契诃夫式的乡村和自然。,窗户、教堂、黑暗等开篇意象（候选）
chekhov_the_post_01,136,THE POST,邮差,2413,宗教与哲思,自然/风景、宗教/信仰、爱情/浪漫,《邮差》写信仰、良知和人生意义上的困惑，以自然/风景和宗教/信仰为主要线索，呈现契诃夫式的宗教和哲思。,道路、灯火、黑暗等开篇意象（候选）
chekhov_the_new_villa_01,137,THE NEW VILLA,新别墅,5609,乡村与自然,家庭、自然/风景、宗教/信仰,《新别墅》写乡村空间、自然景物和底层生活交织的经验，以家庭和自然/风景为主要线索，呈现契诃夫式的乡村和自然。,金钱、雪、雨等开篇意象（候选）
chekhov_dreams_01,138,DREAMS,梦,3428,乡村与自然,宗教/信仰、贫困/阶级、家庭,《梦》写乡村空间、自然景物和底层生活交织的经验，以宗教/信仰和贫困/阶级为主要线索，呈现契诃夫式的乡村和自然。,坟墓、教堂、道路等开篇意象（候选）
chekhov_the_pipe_01,139,THE PIPE,烟斗,3278,艺术与自我意识,自然/风景、宗教/信仰、贫困/阶级,《烟斗》写表演、写作、审美或自我想象中的落差，以自然/风景和宗教/信仰为主要线索，呈现契诃夫式的艺术和自我意识。,狗、雨、枪等开篇意象（候选）
chekhov_agafya_01,140,AGAFYA,阿加菲娅,4024,儿童与动物,自然/风景、家庭、饮酒,《阿加菲娅》写童年视角、动物遭遇或弱小者经验，以自然/风景和家庭为主要线索，呈现契诃夫式的儿童和动物。,狗、灯火、黑暗等开篇意象（候选）
chekhov_at_christmas_time_01,141,AT CHRISTMAS TIME,圣诞节时,1831,家庭与婚恋,家庭、艺术/创作、官僚/社会,《圣诞节时》写婚恋、亲属关系或家庭身份中的错位，以家庭和艺术/创作为主要线索，呈现契诃夫式的家庭和婚恋。,信件、金钱、医生等开篇意象（候选）
chekhov_gusev_01,142,GUSEV,古谢夫,5324,儿童与动物,自然/风景、宗教/信仰、死亡,《古谢夫》写童年视角、动物遭遇或弱小者经验，以自然/风景和宗教/信仰为主要线索，呈现契诃夫式的儿童和动物。,马、雪、风等开篇意象（候选）
chekhov_the_student_01,143,THE STUDENT,学生,1491,宗教与哲思,自然/风景、家庭、宗教/信仰,《学生》写信仰、良知和人生意义上的困惑，以自然/风景和家庭为主要线索，呈现契诃夫式的宗教和哲思。,风、花园、灯火等开篇意象（候选）
chekhov_in_the_ravine_01,144,IN THE RAVINE,在峡谷里,16190,乡村与自然,家庭、宗教/信仰、贫困/阶级,《在峡谷里》写乡村空间、自然景物和底层生活交织的经验，以家庭和宗教/信仰为主要线索，呈现契诃夫式的乡村和自然。,金钱、医生、法庭等开篇意象（候选）
chekhov_the_huntsman_01,145,THE HUNTSMAN,猎人,1716,乡村与自然,饮酒、贫困/阶级、自然/风景,《猎人》写乡村空间、自然景物和底层生活交织的经验，以饮酒和贫困/阶级为主要线索，呈现契诃夫式的乡村和自然。,金钱、狗、雨等开篇意象（候选）
chekhov_happiness_01,146,HAPPINESS,幸福,3917,乡村与自然,自然/风景、宗教/信仰、死亡,《幸福》写乡村空间、自然景物和底层生活交织的经验，以自然/风景和宗教/信仰为主要线索，呈现契诃夫式的乡村和自然。,马、教堂、花园等开篇意象（候选）
chekhov_a_malefactor_01,147,A MALEFACTOR,歹徒,1425,艺术与自我意识,官僚/社会、宗教/信仰、贫困/阶级,《歹徒》写表演、写作、审美或自我想象中的落差，以官僚/社会和宗教/信仰为主要线索，呈现契诃夫式的艺术和自我意识。,道路等开篇意象（候选）
chekhov_peasants_01,148,PEASANTS,农民,12932,乡村与自然,家庭、宗教/信仰、自然/风景,《农民》写乡村空间、自然景物和底层生活交织的经验，以家庭和宗教/信仰为主要线索，呈现契诃夫式的乡村和自然。,教堂、灯火、黑暗等开篇意象（候选）
chekhov_the_chorus_girl_01,149,THE CHORUS GIRL,歌女,2063,家庭与婚恋,家庭、贫困/阶级、宗教/信仰,《歌女》写婚恋、亲属关系或家庭身份中的错位，以家庭和贫困/阶级为主要线索，呈现契诃夫式的家庭和婚恋。,金钱等开篇意象（候选）
chekhov_verotchka_01,150,VEROTCHKA,韦罗奇卡,4918,家庭与婚恋,爱情/浪漫、自然/风景、家庭,《韦罗奇卡》写婚恋、亲属关系或家庭身份中的错位，以爱情/浪漫和自然/风景为主要线索，呈现契诃夫式的家庭和婚恋。,狗、风、花园等开篇意象（候选）
chekhov_my_life_01,151,MY LIFE,我的一生,37548,医病与死亡,家庭、自然/风景、疾病/医学,《我的一生》写疾病、衰老、死亡或精神压力引出的遭遇，以家庭和自然/风景为主要线索，呈现契诃夫式的医病和死亡。,道路、黑暗等开篇意象（候选）
chekhov_at_a_country_house_01,152,AT A COUNTRY HOUSE,在乡间别墅,3296,乡村与自然,家庭、艺术/创作、贫困/阶级,《在乡间别墅》写乡村空间、自然景物和底层生活交织的经验，以家庭和艺术/创作为主要线索，呈现契诃夫式的乡村和自然。,坟墓、火柴等开篇意象（候选）
chekhov_a_father_01,153,A FATHER,父亲,2997,家庭与婚恋,家庭、饮酒、贫困/阶级,《父亲》写婚恋、亲属关系或家庭身份中的错位，以家庭和饮酒为主要线索，呈现契诃夫式的家庭和婚恋。,金钱、黑暗等开篇意象（候选）
chekhov_on_the_road_01,154,ON THE ROAD,在路上,6510,儿童与动物,家庭、宗教/信仰、自然/风景,《在路上》写童年视角、动物遭遇或弱小者经验，以家庭和宗教/信仰为主要线索，呈现契诃夫式的儿童和动物。,狗、雪、风等开篇意象（候选）
chekhov_rothschild_s_fiddle_01,155,ROTHSCHILD'S FIDDLE,罗特希尔德的小提琴,4064,艺术与自我意识,死亡、疾病/医学、自然/风景,《罗特希尔德的小提琴》写表演、写作、审美或自我想象中的落差，以死亡和疾病/医学为主要线索，呈现契诃夫式的艺术和自我意识。,金钱、窗户、棺材等开篇意象（候选）
chekhov_ivan_matveyitch_01,156,IVAN MATVEYITCH,伊凡·马特维伊奇,2049,艺术与自我意识,艺术/创作、家庭、贫困/阶级,《伊凡·马特维伊奇》写表演、写作、审美或自我想象中的落差，以艺术/创作和家庭为主要线索，呈现契诃夫式的艺术和自我意识。,狗、坟墓等开篇意象（候选）
chekhov_zinotchka_01,157,ZINOTCHKA,齐诺奇卡,2339,家庭与婚恋,自然/风景、家庭、爱情/浪漫,《齐诺奇卡》写婚恋、亲属关系或家庭身份中的错位，以自然/风景和家庭为主要线索，呈现契诃夫式的家庭和婚恋。,狗、窗户、花园等开篇意象（候选）
chekhov_bad_weather_01,158,BAD WEATHER,坏天气,1884,乡村与自然,家庭、自然/风景、宗教/信仰,《坏天气》写乡村空间、自然景物和底层生活交织的经验，以家庭和自然/风景为主要线索，呈现契诃夫式的乡村和自然。,雨、风、黑暗等开篇意象（候选）
chekhov_a_gentleman_friend_01,159,A GENTLEMAN FRIEND,男朋友,1314,医病与死亡,贫困/阶级、疾病/医学、饮酒,《男朋友》写疾病、衰老、死亡或精神压力引出的遭遇，以贫困/阶级和疾病/医学为主要线索，呈现契诃夫式的医病和死亡。,金钱、医生、黑暗等开篇意象（候选）
chekhov_a_trivial_incident_01,160,A TRIVIAL INCIDENT,一件小事,3934,艺术与自我意识,贫困/阶级、自然/风景、爱情/浪漫,《一件小事》写表演、写作、审美或自我想象中的落差，以贫困/阶级和自然/风景为主要线索，呈现契诃夫式的艺术和自我意识。,金钱、狗、黑暗等开篇意象（候选）
chekhov_love_01,161,LOVE,爱情,2494,家庭与婚恋,爱情/浪漫、艺术/创作、饮酒,《爱情》写婚恋、亲属关系或家庭身份中的错位，以爱情/浪漫和艺术/创作为主要线索，呈现契诃夫式的家庭和婚恋。,信件、窗户、灯火等开篇意象（候选）
chekhov_lights_01,162,LIGHTS,灯火,15231,医病与死亡,家庭、爱情/浪漫、死亡,《灯火》写疾病、衰老、死亡或精神压力引出的遭遇，以家庭和爱情/浪漫为主要线索，呈现契诃夫式的医病和死亡。,狗、医生、灯火等开篇意象（候选）
chekhov_a_story_without_an_end_01,163,A STORY WITHOUT AN END,没有结尾的故事,3262,医病与死亡,死亡、疾病/医学、自然/风景,《没有结尾的故事》写疾病、衰老、死亡或精神压力引出的遭遇，以死亡和疾病/医学为主要线索，呈现契诃夫式的医病和死亡。,窗户、棺材、医生等开篇意象（候选）
chekhov_mari_d_elle_01,164,MARI D'ELLE,玛丽·黛尔,2014,家庭与婚恋,家庭、贫困/阶级、饮酒,《玛丽·黛尔》写婚恋、亲属关系或家庭身份中的错位，以家庭和贫困/阶级为主要线索，呈现契诃夫式的家庭和婚恋。,金钱、狗、马等开篇意象（候选）
chekhov_a_living_chattel_01,165,A LIVING CHATTEL,活商品,13310,家庭与婚恋,家庭、爱情/浪漫、宗教/信仰,《活商品》写婚恋、亲属关系或家庭身份中的错位，以家庭和爱情/浪漫为主要线索，呈现契诃夫式的家庭和婚恋。,信件、窗户、灯火等开篇意象（候选）
chekhov_the_doctor_01,166,THE DOCTOR,医生,2004,医病与死亡,疾病/医学、家庭、宗教/信仰,《医生》写疾病、衰老、死亡或精神压力引出的遭遇，以疾病/医学和家庭为主要线索，呈现契诃夫式的医病和死亡。,窗户、医生、灯火等开篇意象（候选）
chekhov_too_early_01,167,TOO EARLY!,太早了！,2000,乡村与自然,自然/风景、宗教/信仰、贫困/阶级,《太早了！》写乡村空间、自然景物和底层生活交织的经验，以自然/风景和宗教/信仰为主要线索，呈现契诃夫式的乡村和自然。,金钱、枪等开篇意象（候选）
chekhov_the_cossack_01,168,THE COSSACK,哥萨克,1928,乡村与自然,家庭、宗教/信仰、自然/风景,《哥萨克》写乡村空间、自然景物和底层生活交织的经验，以家庭和宗教/信仰为主要线索，呈现契诃夫式的乡村和自然。,马、教堂、道路等开篇意象（候选）
chekhov_aborigines_01,169,ABORIGINES,土著,2290,儿童与动物,自然/风景、贫困/阶级、家庭,《土著》写童年视角、动物遭遇或弱小者经验，以自然/风景和贫困/阶级为主要线索，呈现契诃夫式的儿童和动物。,金钱、窗户、花园等开篇意象（候选）
chekhov_an_inquiry_01,170,AN INQUIRY,查询,886,官僚与社会讽刺,官僚/社会、艺术/创作、贫困/阶级,《查询》写制度、身份和日常权力造成的荒诞处境，以官僚/社会和艺术/创作为主要线索，呈现契诃夫式的官僚和社会讽刺。,金钱、窗户等开篇意象（候选）
chekhov_martyrs_01,171,MARTYRS,殉道者,1953,艺术与自我意识,家庭、疾病/医学、死亡,《殉道者》写表演、写作、审美或自我想象中的落差，以家庭和疾病/医学为主要线索，呈现契诃夫式的艺术和自我意识。,风、棺材、医生等开篇意象（候选）
chekhov_the_lion_and_the_sun_01,172,THE LION AND THE SUN,狮子与太阳,1540,家庭与婚恋,自然/风景、爱情/浪漫、官僚/社会,《狮子与太阳》写婚恋、亲属关系或家庭身份中的错位，以自然/风景和爱情/浪漫为主要线索，呈现契诃夫式的家庭和婚恋。,枪等开篇意象（候选）
chekhov_a_daughter_of_albion_01,173,A DAUGHTER OF ALBION,阿尔比恩的女儿,1471,儿童与动物,家庭、自然/风景、饮酒,《阿尔比恩的女儿》写童年视角、动物遭遇或弱小者经验，以家庭和自然/风景为主要线索，呈现契诃夫式的儿童和动物。,坟墓等开篇意象（候选）
chekhov_choristers_01,174,CHORISTERS,唱诗班歌手,1800,儿童与动物,家庭、艺术/创作、宗教/信仰,《唱诗班歌手》写童年视角、动物遭遇或弱小者经验，以家庭和艺术/创作为主要线索，呈现契诃夫式的儿童和动物。,信件、教堂等开篇意象（候选）
chekhov_nerves_01,175,NERVES,神经,1433,医病与死亡,家庭、死亡、疾病/医学,《神经》写疾病、衰老、死亡或精神压力引出的遭遇，以家庭和死亡为主要线索，呈现契诃夫式的医病和死亡。,窗户、棺材、灯火等开篇意象（候选）
chekhov_a_work_of_art_01,176,A WORK OF ART,一件艺术品,1448,艺术与自我意识,家庭、疾病/医学、爱情/浪漫,《一件艺术品》写表演、写作、审美或自我想象中的落差，以家庭和疾病/医学为主要线索，呈现契诃夫式的艺术和自我意识。,金钱、医生、灯火等开篇意象（候选）
chekhov_a_joke_01,177,A JOKE,玩笑,1626,医病与死亡,自然/风景、爱情/浪漫、死亡,《玩笑》写疾病、衰老、死亡或精神压力引出的遭遇，以自然/风景和爱情/浪漫为主要线索，呈现契诃夫式的医病和死亡。,风等开篇意象（候选）
chekhov_a_country_cottage_01,178,A COUNTRY COTTAGE,乡村别墅,661,家庭与婚恋,自然/风景、家庭、爱情/浪漫,《乡村别墅》写婚恋、亲属关系或家庭身份中的错位，以自然/风景和家庭为主要线索，呈现契诃夫式的家庭和婚恋。,风、花园、黑暗等开篇意象（候选）
chekhov_a_blunder_01,179,A BLUNDER,失策,645,家庭与婚恋,家庭、艺术/创作、爱情/浪漫,《失策》写婚恋、亲属关系或家庭身份中的错位，以家庭和艺术/创作为主要线索，呈现契诃夫式的家庭和婚恋。,法庭、火柴等开篇意象（候选）
chekhov_fat_and_thin_01,180,FAT AND THIN,胖子和瘦子,751,家庭与婚恋,家庭、官僚/社会、贫困/阶级,《胖子和瘦子》写婚恋、亲属关系或家庭身份中的错位，以家庭和官僚/社会为主要线索，呈现契诃夫式的家庭和婚恋。,金钱等开篇意象（候选）
chekhov_the_death_of_a_government_clerk_01,181,THE DEATH OF A GOVERNMENT CLERK,小公务员之死,950,官僚与社会讽刺,官僚/社会、家庭、艺术/创作,《小公务员之死》写制度、身份和日常权力造成的荒诞处境，以官僚/社会和家庭为主要线索，呈现契诃夫式的官僚和社会讽刺。,信件、灯火等开篇意象（候选）
chekhov_a_pink_stocking_01,182,A PINK STOCKING,粉红丝袜,1345,家庭与婚恋,家庭、饮酒、自然/风景,《粉红丝袜》写婚恋、亲属关系或家庭身份中的错位，以家庭和饮酒为主要线索，呈现契诃夫式的家庭和婚恋。,信件、雨、灯火等开篇意象（候选）
chekhov_at_a_summer_villa_01,183,AT A SUMMER VILLA,在夏日别墅,1824,家庭与婚恋,爱情/浪漫、家庭、宗教/信仰,《在夏日别墅》写婚恋、亲属关系或家庭身份中的错位，以爱情/浪漫和家庭为主要线索，呈现契诃夫式的家庭和婚恋。,信件、灯火等开篇意象（候选）
chekhov_the_house_with_the_mezzanine_01,184,THE HOUSE WITH THE MEZZANINE,带阁楼的房子,6953,儿童与动物,家庭、自然/风景、宗教/信仰,《带阁楼的房子》写童年视角、动物遭遇或弱小者经验，以家庭和自然/风景为主要线索，呈现契诃夫式的儿童和动物。,灯火、黑暗等开篇意象（候选）
chekhov_the_lady_with_the_toy_dog_01,188,THE LADY WITH THE TOY DOG,带小狗的女士,6374,家庭与婚恋,家庭、爱情/浪漫、宗教/信仰,《带小狗的女士》写婚恋、亲属关系或家庭身份中的错位，以家庭和爱情/浪漫为主要线索，呈现契诃夫式的家庭和婚恋。,狗、坟墓、黑暗等开篇意象（候选）
chekhov_a_tedious_story_01,192,A TEDIOUS STORY,乏味的故事,22284,艺术与自我意识,家庭、艺术/创作、死亡,《乏味的故事》写表演、写作、审美或自我想象中的落差，以家庭和艺术/创作为主要线索，呈现契诃夫式的艺术和自我意识。,信件、灯火等开篇意象（候选）
chekhov_the_fit_01,193,THE FIT,发作,8144,医病与死亡,疾病/医学、自然/风景、宗教/信仰,《发作》写疾病、衰老、死亡或精神压力引出的遭遇，以疾病/医学和自然/风景为主要线索，呈现契诃夫式的医病和死亡。,金钱、雪等开篇意象（候选）
chekhov_misfortune_01,194,MISFORTUNE,不幸,4770,家庭与婚恋,家庭、爱情/浪漫、宗教/信仰,《不幸》写婚恋、亲属关系或家庭身份中的错位，以家庭和爱情/浪漫为主要线索，呈现契诃夫式的家庭和婚恋。,教堂等开篇意象（候选）
chekhov_that_wretched_boy_01,196,THAT WRETCHED BOY,那个可怜的男孩,822,家庭与婚恋,爱情/浪漫、自然/风景、家庭,《那个可怜的男孩》写婚恋、亲属关系或家庭身份中的错位，以爱情/浪漫和自然/风景为主要线索，呈现契诃夫式的家庭和婚恋。,花园等开篇意象（候选）
chekhov_a_trifling_occurrence_01,198,A TRIFLING OCCURRENCE,小事一桩,1879,家庭与婚恋,家庭、爱情/浪漫、宗教/信仰,《小事一桩》写婚恋、亲属关系或家庭身份中的错位，以家庭和爱情/浪漫为主要线索，呈现契诃夫式的家庭和婚恋。,家庭相关反复细节（候选）
chekhov_overwhelming_sensations_01,200,OVERWHELMING SENSATIONS,压倒性的感觉,1885,艺术与自我意识,家庭、爱情/浪漫、艺术/创作,《压倒性的感觉》写表演、写作、审美或自我想象中的落差，以家庭和爱情/浪漫为主要线索，呈现契诃夫式的艺术和自我意识。,风、医生、法庭等开篇意象（候选）
chekhov_a_living_calendar_01,202,A LIVING CALENDAR,活日历,943,家庭与婚恋,艺术/创作、家庭、官僚/社会,《活日历》写婚恋、亲属关系或家庭身份中的错位，以艺术/创作和家庭为主要线索，呈现契诃夫式的家庭和婚恋。,灯火、黑暗等开篇意象（候选）
chekhov_the_darling_01,204,THE DARLING,宝贝儿,4932,家庭与婚恋,家庭、宗教/信仰、爱情/浪漫,《宝贝儿》写婚恋、亲属关系或家庭身份中的错位，以家庭和宗教/信仰为主要线索，呈现契诃夫式的家庭和婚恋。,雨、窗户、花园等开篇意象（候选）
chekhov_ariadne_01,205,ARIADNE,阿里阿德涅,10457,家庭与婚恋,爱情/浪漫、家庭、贫困/阶级,《阿里阿德涅》写婚恋、亲属关系或家庭身份中的错位，以爱情/浪漫和家庭为主要线索，呈现契诃夫式的家庭和婚恋。,爱情/浪漫相关反复细节（候选）
chekhov_polinka_01,206,POLINKA,波琳卡,1688,家庭与婚恋,爱情/浪漫、家庭、饮酒,《波琳卡》写婚恋、亲属关系或家庭身份中的错位，以爱情/浪漫和家庭为主要线索，呈现契诃夫式的家庭和婚恋。,医生、火柴、黑暗等开篇意象（候选）
chekhov_anyuta_01,207,ANYUTA,阿纽塔,1531,艺术与自我意识,艺术/创作、家庭、爱情/浪漫,《阿纽塔》写表演、写作、审美或自我想象中的落差，以艺术/创作和家庭为主要线索，呈现契诃夫式的艺术和自我意识。,金钱、窗户等开篇意象（候选）
chekhov_the_two_volodyas_01,208,THE TWO VOLODYAS,两个沃洛佳,4614,家庭与婚恋,家庭、爱情/浪漫、宗教/信仰,《两个沃洛佳》写婚恋、亲属关系或家庭身份中的错位，以家庭和爱情/浪漫为主要线索，呈现契诃夫式的家庭和婚恋。,雪、医生等开篇意象（候选）
chekhov_the_trousseau_01,209,THE TROUSSEAU,嫁妆,2010,家庭与婚恋,家庭、宗教/信仰、爱情/浪漫,《嫁妆》写婚恋、亲属关系或家庭身份中的错位，以家庭和宗教/信仰为主要线索，呈现契诃夫式的家庭和婚恋。,灯火等开篇意象（候选）
chekhov_the_helpmate_01,210,THE HELPMATE,贤内助,2543,家庭与婚恋,家庭、爱情/浪漫、疾病/医学,《贤内助》写婚恋、亲属关系或家庭身份中的错位，以家庭和爱情/浪漫为主要线索，呈现契诃夫式的家庭和婚恋。,医生等开篇意象（候选）
chekhov_talent_01,211,TALENT,才华,1638,艺术与自我意识,艺术/创作、饮酒、爱情/浪漫,《才华》写表演、写作、审美或自我想象中的落差，以艺术/创作和饮酒为主要线索，呈现契诃夫式的艺术和自我意识。,风、黑暗等开篇意象（候选）
chekhov_an_artist_s_story_01,212,AN ARTIST'S STORY,画家的故事,7181,艺术与自我意识,家庭、自然/风景、爱情/浪漫,《画家的故事》写表演、写作、审美或自我想象中的落差，以家庭和自然/风景为主要线索，呈现契诃夫式的艺术和自我意识。,窗户、花园、灯火等开篇意象（候选）
chekhov_three_years_01,213,THREE YEARS,三年,1752,家庭与婚恋,爱情/浪漫、疾病/医学、自然/风景,《三年》写婚恋、亲属关系或家庭身份中的错位，以爱情/浪漫和疾病/医学为主要线索，呈现契诃夫式的家庭和婚恋。,医生、教堂、黑暗等开篇意象（候选）
